"Country","Country Name"
"Brunei","Brunei Darussalam"
"Cape Verde","Cabo Verde"
"Collectivity of Saint Martin","St. Martin (French part)"
"Curaçao","Curacao"
"Czech Republic","Czechia"
"Côte d'Ivoire","Cote d'Ivoire"
"Democratic Republic of the Congo","Congo, Dem. Rep."
"Democratic Republic of the Congo","Congo, Rep."
"Egypt","Egypt, Arab Rep."
"Federated States of Micronesia","Micronesia, Fed. Sts."
"Hong Kong","Hong Kong SAR, China"
"Iran","Iran, Islamic Rep."
"Kyrgyzstan","Kyrgyz Republic"
"Laos","Lao PDR"
"Macau","Macao SAR, China"
"Macedonia (FYROM)","North Macedonia"
"Myanmar (Burma)","Myanmar"
"North Korea","Korea, Dem. People's Rep."
"Republic of the Congo",""
"Russia","Russian Federation"
"Saint Kitts and Nevis","St. Kitts and Nevis"
"Saint Lucia","St. Lucia"
"Saint Martin","St. Martin (French part)"
"Saint Pierre and Miquelon",""
"Saint Vincent and the Grenadines",""
"Saint-Barthélemy","St. Vincent and the Grenadines"
"Sint Maarten","Sint Maarten (Dutch part)"
"Slovakia","Slovak Republic"
"South Korea","Korea, Rep."
"Syria","Syrian Arab Republic"
"São Tomé and Príncipe","Sao Tome and Principe"
"Taiwan","Taiwan"
"The Bahamas","Bahamas, The"
"The Gambia","Gambia, The"
"Turkey","Turkiye"
"U.S. Virgin Islands","Virgin Islands (U.S.)"
"Venezuela","Venezuela, RB"
"Yemen","Yemen, Rep."
